<?xml version="1.0" encoding="UTF-8" standalone="no"?><beast beautitemplate='Standard' beautistatus='' namespace="beast.core:beast.evolution.alignment:beast.evolution.tree.coalescent:beast.core.util:beast.evolution.nuc:beast.evolution.operators:beast.evolution.sitemodel:beast.evolution.substitutionmodel:beast.evolution.likelihood" required="" version="2.4">


    <data
id="maddison"
name="alignment">
                    <sequence id="seq_fish" taxon="fish" totalcount="4" value="ACATAGAGGGTACCTCTAAG"/>
                    <sequence id="seq_frog" taxon="frog" totalcount="4" value="ACTTAGAGGCTACCTCTACG"/>
                    <sequence id="seq_snake" taxon="snake" totalcount="4" value="ACTCACTGGGTACCTTTGCG"/>
                    <sequence id="seq_mouse" taxon="mouse" totalcount="4" value="ACTCAGACGGTACCTTTGCG"/>
                </data>


    


    


    
<map name="Uniform" >beast.math.distributions.Uniform</map>
<map name="Exponential" >beast.math.distributions.Exponential</map>
<map name="LogNormal" >beast.math.distributions.LogNormalDistributionModel</map>
<map name="Normal" >beast.math.distributions.Normal</map>
<map name="Beta" >beast.math.distributions.Beta</map>
<map name="Gamma" >beast.math.distributions.Gamma</map>
<map name="LaplaceDistribution" >beast.math.distributions.LaplaceDistribution</map>
<map name="prior" >beast.math.distributions.Prior</map>
<map name="InverseGamma" >beast.math.distributions.InverseGamma</map>
<map name="OneOnX" >beast.math.distributions.OneOnX</map>


<run id="mcmc" spec="MCMC" chainLength="10000000">
    <state id="state" storeEvery="5000">
        <tree id="Tree.t:maddison" name="stateNode">
            <taxonset id="TaxonSet.maddison" spec="TaxonSet">
                <alignment idref="maddison"/>
            </taxonset>
        </tree>
        <parameter id="birthRate.t:maddison" name="stateNode">1.0</parameter>
    </state>

    <init id="RandomTree.t:maddison" spec="beast.evolution.tree.RandomTree" estimate="false" initial="@Tree.t:maddison" taxa="@maddison">
        <populationModel id="ConstantPopulation0.t:maddison" spec="ConstantPopulation">
            <parameter id="randomPopSize.t:maddison" name="popSize">1.0</parameter>
        </populationModel>
    </init>

    <distribution id="posterior" spec="util.CompoundDistribution">
        <distribution id="prior" spec="util.CompoundDistribution">
            <distribution id="YuleModel.t:maddison" spec="beast.evolution.speciation.YuleModel" birthDiffRate="@birthRate.t:maddison" tree="@Tree.t:maddison"/>
            <prior id="YuleBirthRatePrior.t:maddison" name="distribution" x="@birthRate.t:maddison">
                <Uniform id="Uniform.1" name="distr" upper="Infinity"/>
            </prior>
        </distribution>
        <distribution id="likelihood" spec="util.CompoundDistribution" useThreads="true">
            <distribution id="treeLikelihood.maddison" spec="ThreadedTreeLikelihood" data="@maddison" tree="@Tree.t:maddison">
                <siteModel id="SiteModel.s:maddison" spec="SiteModel">
                    <parameter id="mutationRate.s:maddison" estimate="false" name="mutationRate">1.0</parameter>
                    <parameter id="gammaShape.s:maddison" estimate="false" name="shape">1.0</parameter>
                    <parameter id="proportionInvariant.s:maddison" estimate="false" lower="0.0" name="proportionInvariant" upper="1.0">0.0</parameter>
                    <substModel id="JC69.s:maddison" spec="JukesCantor"/>
                </siteModel>
                <branchRateModel id="StrictClock.c:maddison" spec="beast.evolution.branchratemodel.StrictClockModel">
                    <parameter id="clockRate.c:maddison" estimate="false" name="clock.rate">1.0</parameter>
                </branchRateModel>
            </distribution>
        </distribution>
    </distribution>

    <operator id="YuleBirthRateScaler.t:maddison" spec="ScaleOperator" parameter="@birthRate.t:maddison" scaleFactor="0.75" weight="3.0"/>

    <operator id="YuleModelTreeScaler.t:maddison" spec="ScaleOperator" scaleFactor="0.5" tree="@Tree.t:maddison" weight="3.0"/>

    <operator id="YuleModelTreeRootScaler.t:maddison" spec="ScaleOperator" rootOnly="true" scaleFactor="0.5" tree="@Tree.t:maddison" weight="3.0"/>

    <operator id="YuleModelUniformOperator.t:maddison" spec="Uniform" tree="@Tree.t:maddison" weight="30.0"/>

    <operator id="YuleModelSubtreeSlide.t:maddison" spec="SubtreeSlide" tree="@Tree.t:maddison" weight="15.0"/>

    <operator id="YuleModelNarrow.t:maddison" spec="Exchange" tree="@Tree.t:maddison" weight="15.0"/>

    <operator id="YuleModelWide.t:maddison" spec="Exchange" isNarrow="false" tree="@Tree.t:maddison" weight="3.0"/>

    <operator id="YuleModelWilsonBalding.t:maddison" spec="WilsonBalding" tree="@Tree.t:maddison" weight="3.0"/>

    <logger id="tracelog" fileName="maddison.log" logEvery="1000" model="@posterior" sanitiseHeaders="true" sort="smart">
        <log idref="posterior"/>
        <log idref="likelihood"/>
        <log idref="prior"/>
        <log idref="treeLikelihood.maddison"/>
        <log id="TreeHeight.t:maddison" spec="beast.evolution.tree.TreeHeightLogger" tree="@Tree.t:maddison"/>
        <log idref="YuleModel.t:maddison"/>
        <log idref="birthRate.t:maddison"/>
    </logger>

    <logger id="screenlog" logEvery="1000">
        <log idref="posterior"/>
        <log id="ESS.0" spec="util.ESS" arg="@posterior"/>
        <log idref="likelihood"/>
        <log idref="prior"/>
    </logger>

    <logger id="treelog.t:maddison" fileName="$(tree).trees" logEvery="1000" mode="tree">
        <log id="TreeWithMetaDataLogger.t:maddison" spec="beast.evolution.tree.TreeWithMetaDataLogger" tree="@Tree.t:maddison"/>
    </logger>

</run>

</beast>
